LABEL,CONNECTIONS,TYPE,HEMI,CLASSIFICATION_NAME,PAIR,SIZE
1,"L_Frontal - R_Frontal",C,C,C-FrontalFrontal-C,0,267498
2,"R_Frontal - R_Parietal",A,R,A-FrontalParietal-R,3,86592
3,"L_Frontal - L_Parietal",A,L,A-FrontalParietal-L,2,71831
4,"L_Frontal - L_Temporal",A,L,A-FrontalTemporal-L,8,64907
5,"R_Parietal - R_Temporal",A,R,A-ParietalTemporal-R,6,46151
6,"L_Parietal - L_Temporal",A,L,A-ParietalTemporal-L,5,49571
7,"R_Occipital - R_Temporal",A,R,A-OccipitalTemporal-R,9,52014
8,"R_Frontal - R_Temporal",A,R,A-FrontalTemporal-R,4,30314
9,"L_Occipital - L_Temporal",A,L,A-OccipitalTemporal-L,7,45870
10,"L_Parietal - R_Parietal",C,C,C-ParietalParietal-C,0,29157
11,"R_Frontal - R_Temporal
R_Parietal - R_Temporal",A-A,R,A-A-FrontalTemporal-ParietalTemporal-R,12,19907
12,"L_Frontal - L_Temporal
L_Parietal - L_Temporal",A-A,L,A-A-FrontalTemporal-ParietalTemporal-L,11,16471
13,"L_Frontal - L_Subcortical",P,L,P-FrontalSubcortical-L,14,17870
14,"R_Frontal - R_Subcortical",P,R,P-FrontalSubcortical-R,13,16962
15,"R_Frontal - Brainstem",P,R,P-FrontalBrainstem-R,17,15228
16,"L_Cerebellum - R_Cerebellum",Cb,C,Cb-CerebellumCerebellum-C,0,30877
17,"L_Frontal - Brainstem",P,L,P-FrontalBrainstem-L,15,12875
18,"L_Cerebellum - R_Cerebellum
R_Cerebellum - Brainstem",Cb-Cb,RC,Cb-Cb-CerebellumCerebellum-CerebellumBrainstem-RC,19,14913
19,"L_Cerebellum - R_Cerebellum
L_Cerebellum - Brainstem",Cb-Cb,LC,Cb-Cb-CerebellumCerebellum-CerebellumBrainstem-LC,18,14969
20,"R_Frontal - R_Parietal
R_Parietal - R_Temporal",A-A,R,A-A-FrontalParietal-ParietalTemporal-R,27,10065
21,"L_Frontal - R_Frontal
R_Frontal - R_Parietal",C-A,RC,C-A-FrontalFrontal-FrontalParietal-RC,0,4975
22,"R_Frontal - R_Subcortical
R_Frontal - Brainstem",P-P,R,P-P-FrontalSubcortical-FrontalBrainstem-R,28,9215
23,"L_Frontal - L_Parietal
L_Frontal - R_Frontal",A-C,LC,A-C-FrontalParietal-FrontalFrontal-LC,0,6085
24,"R_Frontal - R_Parietal
R_Frontal - R_Temporal",A-A,R,A-A-FrontalParietal-FrontalTemporal-R,32,9577
25,"R_Parietal - R_Temporal
R_Occipital - R_Temporal",A-A,R,A-A-ParietalTemporal-OccipitalTemporal-R,42,7072
26,"L_Parietal - L_Occipital",A,L,A-ParietalOccipital-L,33,23464
27,"L_Frontal - L_Parietal
L_Parietal - L_Temporal",A-A,L,A-A-FrontalParietal-ParietalTemporal-L,20,7106
28,"L_Frontal - L_Subcortical
L_Frontal - Brainstem",P-P,L,P-P-FrontalSubcortical-FrontalBrainstem-L,22,8095
29,"L_Frontal - L_Occipital
L_Occipital - L_Temporal",A-A,L,A-A-FrontalOccipital-OccipitalTemporal-L,30,11118
30,"R_Frontal - R_Occipital
R_Occipital - R_Temporal",A-A,R,A-A-FrontalOccipital-OccipitalTemporal-R,29,8641
31,"L_Frontal - L_Cingulate",A,L,A-FrontalCingulate-L,34,11668
32,"L_Frontal - L_Parietal
L_Frontal - L_Temporal",A-A,L,A-A-FrontalParietal-FrontalTemporal-L,24,4255
33,"R_Parietal - R_Occipital",A,R,A-ParietalOccipital-R,26,17820
34,"R_Frontal - R_Cingulate",A,R,A-FrontalCingulate-R,31,9202
35,"L_Cerebellum - Brainstem",Cb,L,Cb-CerebellumBrainstem-L,43,7221
36,"L_Frontal - L_Parietal
L_Parietal - R_Parietal",A-C,LC,A-C-FrontalParietal-ParietalParietal-LC,0,6477
37,"L_Frontal - L_Parietal
L_Parietal - L_Cingulate",A-A,L,A-A-FrontalParietal-ParietalCingulate-L,45,9154
38,"L_Frontal - Brainstem
L_Parietal - Brainstem",P-P,L,P-P-FrontalBrainstem-ParietalBrainstem-L,39,8787
39,"R_Frontal - Brainstem
R_Parietal - Brainstem",P-P,R,P-P-FrontalBrainstem-ParietalBrainstem-R,38,9113
40,"L_Frontal - R_Frontal
R_Frontal - Brainstem",C-P,RC,C-P-FrontalFrontal-FrontalBrainstem-RC,44,6004
41,"L_Parietal - R_Parietal
R_Frontal - R_Parietal",C-A,RC,C-A-ParietalParietal-FrontalParietal-RC,0,4761
42,"L_Parietal - L_Temporal
L_Occipital - L_Temporal",A-A,L,A-A-ParietalTemporal-OccipitalTemporal-L,25,3685
43,"R_Cerebellum - Brainstem",Cb,R,Cb-CerebellumBrainstem-R,35,5232
44,"L_Frontal - R_Frontal
L_Frontal - Brainstem",C-P,LC,C-P-FrontalFrontal-FrontalBrainstem-LC,40,5061
45,"R_Frontal - R_Parietal
R_Parietal - R_Cingulate",A-A,R,A-A-FrontalParietal-ParietalCingulate-R,37,8281
46,"R_Temporal - R_Subcortical",P,R,P-TemporalSubcortical-R,73,7642
47,"L_Occipital - R_Occipital",C,C,C-OccipitalOccipital-C,0,12671
48,"L_Frontal - L_Temporal
L_Frontal - R_Frontal",A-C,LC,A-C-FrontalTemporal-FrontalFrontal-LC,0,26
49,"R_Parietal - R_Cingulate",A,R,A-ParietalCingulate-R,52,2989
50,"L_Frontal - L_Parietal
L_Frontal - L_Cingulate",A-A,L,A-A-FrontalParietal-FrontalCingulate-L,60,3484
51,"R_Parietal - R_Occipital
R_Parietal - R_Temporal",A-A,R,A-A-ParietalOccipital-ParietalTemporal-R,57,3553
52,"L_Parietal - L_Cingulate",A,L,A-ParietalCingulate-L,49,2668
53,"L_Frontal - Brainstem
R_Frontal - Brainstem",P-P,C,P-P-FrontalBrainstem-FrontalBrainstem-C,0,3595
54,"L_Frontal - R_Frontal
R_Frontal - R_Cingulate",C-A,RC,C-A-FrontalFrontal-FrontalCingulate-RC,0,643
55,"L_Frontal - L_Temporal
L_Temporal - L_Subcortical",A-P,L,A-P-FrontalTemporal-TemporalSubcortical-L,67,3670
56,"L_Frontal - L_Occipital
L_Frontal - L_Temporal",A-A,L,A-A-FrontalOccipital-FrontalTemporal-L,65,2592
57,"L_Parietal - L_Occipital
L_Parietal - L_Temporal",A-A,L,A-A-ParietalOccipital-ParietalTemporal-L,51,2918
58,"R_Frontal - R_Temporal
R_Parietal - R_Temporal
R_Occipital - R_Temporal",A-A-A,R,A-A-A-FrontalTemporal-ParietalTemporal-OccipitalTemporal-R,61,897
59,"R_Parietal - Brainstem",P,R,P-ParietalBrainstem-R,66,1449
60,"R_Frontal - R_Parietal
R_Frontal - R_Cingulate",A-A,R,A-A-FrontalParietal-FrontalCingulate-R,50,2040
61,"L_Frontal - L_Temporal
L_Parietal - L_Temporal
L_Occipital - L_Temporal",A-A-A,L,A-A-A-FrontalTemporal-ParietalTemporal-OccipitalTemporal-L,58,924
62,"L_Frontal - Brainstem
L_Subcortical - Brainstem",P-P,L,P-P-FrontalBrainstem-SubcorticalBrainstem-L,64,1577
63,"L_Frontal - L_Parietal
L_Frontal - L_Occipital
L_Frontal - L_Temporal",A-A-A,L,A-A-A-FrontalParietal-FrontalOccipital-FrontalTemporal-L,89,3406
64,"R_Frontal - Brainstem
R_Subcortical - Brainstem",P-P,R,P-P-FrontalBrainstem-SubcorticalBrainstem-R,62,1645
65,"R_Frontal - R_Occipital
R_Frontal - R_Temporal",A-A,R,A-A-FrontalOccipital-FrontalTemporal-R,56,1933
66,"L_Parietal - Brainstem",P,L,P-ParietalBrainstem-L,59,1461
67,"R_Frontal - R_Temporal
R_Temporal - R_Subcortical",A-P,R,A-P-FrontalTemporal-TemporalSubcortical-R,55,3021
68,"L_Frontal - L_Cingulate
L_Parietal - L_Cingulate",A-A,L,A-A-FrontalCingulate-ParietalCingulate-L,82,1384
69,"L_Frontal - L_Temporal
L_Frontal - Brainstem",A-P,L,A-P-FrontalTemporal-FrontalBrainstem-L,80,646
70,"L_Frontal - L_Parietal
L_Parietal - L_Temporal
L_Parietal - Brainstem",A-A-P,L,A-A-P-FrontalParietal-ParietalTemporal-ParietalBrainstem-L,92,2431
71,"L_Frontal - R_Frontal
R_Frontal - R_Subcortical",C-P,RC,C-P-FrontalFrontal-FrontalSubcortical-RC,0,299
72,"L_Frontal - L_Parietal
L_Parietal - Brainstem",A-P,L,A-P-FrontalParietal-ParietalBrainstem-L,74,1430
73,"L_Temporal - L_Subcortical",P,L,P-TemporalSubcortical-L,46,4155
74,"R_Frontal - R_Parietal
R_Parietal - Brainstem",A-P,R,A-P-FrontalParietal-ParietalBrainstem-R,72,2384
75,"L_Frontal - L_Temporal
L_Occipital - L_Temporal",A-A,L,A-A-FrontalTemporal-OccipitalTemporal-L,84,203
76,"R_Frontal - R_Parietal
R_Frontal - Brainstem",A-P,R,A-P-FrontalParietal-FrontalBrainstem-R,85,2019
77,"R_Parietal - R_Occipital
R_Occipital - R_Temporal",A-A,R,A-A-ParietalOccipital-OccipitalTemporal-R,96,772
78,"L_Frontal - L_Cingulate
L_Frontal - R_Frontal",A-C,LC,A-C-FrontalCingulate-FrontalFrontal-LC,0,234
79,"R_Frontal - R_Cerebellum
R_Frontal - Brainstem",P,R,P-FrontalCerebellum-FrontalBrainstem-R,117,1181
80,"R_Frontal - R_Temporal
R_Frontal - Brainstem",A-P,R,A-P-FrontalTemporal-FrontalBrainstem-R,69,1310
81,"L_Parietal - R_Parietal
R_Frontal - R_Parietal
R_Parietal - Brainstem",C-A-P,RC,C-A-P-ParietalParietal-FrontalParietal-ParietalBrainstem-RC,0,2004
82,"R_Frontal - R_Cingulate
R_Parietal - R_Cingulate",A-A,R,A-A-FrontalCingulate-ParietalCingulate-R,68,1066
83,"L_Frontal - L_Parietal
L_Parietal - R_Parietal
L_Parietal - Brainstem",A-C-P,LC,A-C-P-FrontalParietal-ParietalParietal-ParietalBrainstem-LC,0,1798
84,"R_Frontal - R_Temporal
R_Occipital - R_Temporal",A-A,R,A-A-FrontalTemporal-OccipitalTemporal-R,75,115
85,"L_Frontal - L_Parietal
L_Frontal - Brainstem",A-P,L,A-P-FrontalParietal-FrontalBrainstem-L,76,1084
86,"L_Frontal - L_Occipital",A,L,A-FrontalOccipital-L,103,184
87,"L_Parietal - R_Parietal
L_Temporal - R_Parietal",C-C,C,C-C-ParietalParietal-TemporalParietal-C,0,1307
88,"L_Occipital - R_Parietal
L_Occipital - R_Occipital",C-C,C,C-C-OccipitalParietal-OccipitalOccipital-C,0,3652
89,"R_Frontal - R_Parietal
R_Frontal - R_Occipital
R_Frontal - R_Temporal",A-A-A,R,A-A-A-FrontalParietal-FrontalOccipital-FrontalTemporal-R,63,1796
90,"L_Parietal - R_Parietal
R_Parietal - Brainstem",C-P,RC,C-P-ParietalParietal-ParietalBrainstem-RC,111,1594
91,"L_Parietal - R_Parietal
L_Parietal - R_Temporal",C-C,C,C-C-ParietalParietal-ParietalTemporal-C,0,1124
92,"R_Frontal - R_Parietal
R_Parietal - R_Temporal
R_Parietal - Brainstem",A-A-P,R,A-A-P-FrontalParietal-ParietalTemporal-ParietalBrainstem-R,70,1508
93,"L_Cerebellum - Brainstem
R_Cerebellum - Brainstem",Cb-Cb,C,Cb-Cb-CerebellumBrainstem-CerebellumBrainstem-C,0,1522
94,"L_Frontal - L_Parietal
L_Frontal - L_Cingulate
L_Frontal - R_Frontal",A-A-C,LC,A-A-C-FrontalParietal-FrontalCingulate-FrontalFrontal-LC,0,366
95,"L_Frontal - L_Parietal
L_Frontal - R_Frontal
L_Frontal - Brainstem",A-C-P,LC,A-C-P-FrontalParietal-FrontalFrontal-FrontalBrainstem-LC,0,576
96,"L_Parietal - L_Occipital
L_Occipital - L_Temporal",A-A,L,A-A-ParietalOccipital-OccipitalTemporal-L,77,49
97,"R_Frontal - R_Parietal
R_Frontal - R_Occipital",A-A,R,A-A-FrontalParietal-FrontalOccipital-R,107,1185
98,"L_Frontal - L_Subcortical
L_Frontal - R_Frontal",P-C,LC,P-C-FrontalSubcortical-FrontalFrontal-LC,0,165
99,"L_Frontal - L_Temporal
L_Frontal - L_Subcortical",A-P,L,A-P-FrontalTemporal-FrontalSubcortical-L,126,535
100,"L_Frontal - L_Parietal
L_Frontal - L_Temporal
L_Frontal - R_Frontal",A-A-C,LC,A-A-C-FrontalParietal-FrontalTemporal-FrontalFrontal-LC,0,243
101,"L_Frontal - R_Frontal
R_Frontal - R_Parietal
R_Frontal - R_Temporal",C-A-A,RC,C-A-A-FrontalFrontal-FrontalParietal-FrontalTemporal-RC,0,79
102,"L_Frontal - R_Frontal
R_Frontal - R_Parietal
R_Frontal - R_Cingulate",C-A-A,RC,C-A-A-FrontalFrontal-FrontalParietal-FrontalCingulate-RC,0,399
103,"R_Frontal - R_Occipital",A,R,A-FrontalOccipital-R,86,390
104,"L_Frontal - R_Frontal
R_Frontal - R_Parietal
R_Frontal - Brainstem",C-A-P,RC,C-A-P-FrontalFrontal-FrontalParietal-FrontalBrainstem-RC,0,261
105,"L_Parietal - R_Parietal
L_Temporal - R_Parietal
L_Parietal - R_Temporal",C-C-C,C,C-C-C-ParietalParietal-TemporalParietal-ParietalTemporal-C,0,2591
106,"L_Parietal - R_Occipital
L_Occipital - R_Occipital",C-C,C,C-C-ParietalOccipital-OccipitalOccipital-C,0,2708
107,"L_Frontal - L_Parietal
L_Frontal - L_Occipital",A-A,L,A-A-FrontalParietal-FrontalOccipital-L,97,885
108,"L_Frontal - L_Parietal
L_Frontal - L_Temporal
L_Parietal - L_Temporal",A-A-A,L,A-A-A-FrontalParietal-FrontalTemporal-ParietalTemporal-L,110,274
109,"L_Frontal - L_Parietal
L_Parietal - L_Cingulate
L_Parietal - R_Parietal",A-A-C,LC,A-A-C-FrontalParietal-ParietalCingulate-ParietalParietal-LC,0,728
110,"R_Frontal - R_Parietal
R_Frontal - R_Temporal
R_Parietal - R_Temporal",A-A-A,R,A-A-A-FrontalParietal-FrontalTemporal-ParietalTemporal-R,108,180
111,"L_Parietal - R_Parietal
L_Parietal - Brainstem",C-P,LC,C-P-ParietalParietal-ParietalBrainstem-LC,90,1319
112,"L_Parietal - R_Parietal
R_Frontal - R_Parietal
R_Parietal - R_Cingulate",C-A-A,RC,C-A-A-ParietalParietal-FrontalParietal-ParietalCingulate-RC,0,682
113,"L_Parietal - R_Parietal
L_Occipital - R_Parietal
L_Parietal - R_Occipital
L_Occipital - R_Occipital",C-C-C-C,C,C-C-C-C-ParietalParietal-OccipitalParietal-ParietalOccipital-OccipitalOccipital-C,0,2207
114,"L_Parietal - L_Temporal
L_Parietal - R_Parietal",A-C,LC,A-C-ParietalTemporal-ParietalParietal-LC,0,14
115,"L_Frontal - R_Frontal
L_Parietal - R_Frontal",C-C,C,C-C-FrontalFrontal-ParietalFrontal-C,0,370
116,"R_Parietal - R_Cerebellum
R_Parietal - Brainstem",P,R,P-ParietalCerebellum-ParietalBrainstem-R,149,1964
117,"L_Frontal - L_Cerebellum
L_Frontal - Brainstem",P,L,P-FrontalCerebellum-FrontalBrainstem-L,79,395
118,"L_Frontal - R_Frontal
L_Frontal - R_Parietal",C-C,C,C-C-FrontalFrontal-FrontalParietal-C,0,189
119,"L_Parietal - L_Temporal
L_Parietal - Brainstem",A-P,L,A-P-ParietalTemporal-ParietalBrainstem-L,132,521
120,"L_Parietal - R_Frontal
L_Parietal - R_Parietal",C-C,C,C-C-ParietalFrontal-ParietalParietal-C,0,652
121,"L_Frontal - L_Occipital
L_Parietal - L_Occipital
L_Occipital - L_Temporal",A-A-A,L,A-A-A-FrontalOccipital-ParietalOccipital-OccipitalTemporal-L,161,668
122,"L_Occipital - R_Parietal
L_Parietal - R_Occipital
L_Occipital - R_Occipital",C-C-C,C,C-C-C-OccipitalParietal-ParietalOccipital-OccipitalOccipital-C,0,844
123,"L_Frontal - L_Occipital
L_Occipital - L_Temporal
L_Occipital - Brainstem",A-A-P,L,A-A-P-FrontalOccipital-OccipitalTemporal-OccipitalBrainstem-L,176,648
124,"L_Temporal - Brainstem",P,L,P-TemporalBrainstem-L,131,980
125,"L_Parietal - R_Parietal
R_Parietal - R_Temporal",C-A,RC,C-A-ParietalParietal-ParietalTemporal-RC,0,5
126,"R_Frontal - R_Temporal
R_Frontal - R_Subcortical",A-P,R,A-P-FrontalTemporal-FrontalSubcortical-R,99,12
127,"L_Temporal - L_Cingulate",A,L,A-TemporalCingulate-L,141,1004
128,"L_Frontal - L_Parietal
L_Parietal - R_Frontal",A-C,LC,A-C-FrontalParietal-ParietalFrontal-LC,0,82
129,"R_Frontal - R_Parietal
R_Frontal - R_Temporal
R_Frontal - Brainstem",A-A-P,R,A-A-P-FrontalParietal-FrontalTemporal-FrontalBrainstem-R,130,443
130,"L_Frontal - L_Parietal
L_Frontal - L_Temporal
L_Frontal - Brainstem",A-A-P,L,A-A-P-FrontalParietal-FrontalTemporal-FrontalBrainstem-L,129,395
131,"R_Temporal - Brainstem",P,R,P-TemporalBrainstem-R,124,911
132,"R_Parietal - R_Temporal
R_Parietal - Brainstem",A-P,R,A-P-ParietalTemporal-ParietalBrainstem-R,119,401
133,"L_Frontal - R_Frontal
R_Frontal - R_Subcortical
R_Frontal - Brainstem",C-P-P,RC,C-P-P-FrontalFrontal-FrontalSubcortical-FrontalBrainstem-RC,0,76
134,"R_Frontal - R_Cerebellum
R_Cerebellum - Brainstem",Cb,R,Cb-FrontalCerebellum-CerebellumBrainstem-R,154,1211
135,"R_Temporal - R_Subcortical
R_Temporal - Brainstem",P-P,R,P-P-TemporalSubcortical-TemporalBrainstem-R,168,581
136,"L_Frontal - R_Frontal
L_Parietal - R_Frontal
R_Frontal - R_Parietal",C-C-A,RC,C-C-A-FrontalFrontal-ParietalFrontal-FrontalParietal-RC,0,974
137,"R_Frontal - R_Temporal
R_Parietal - R_Temporal
R_Temporal - R_Subcortical",A-A-P,R,A-A-P-FrontalTemporal-ParietalTemporal-TemporalSubcortical-R,152,496
138,"L_Cerebellum - R_Cerebellum
L_Cerebellum - Brainstem
R_Cerebellum - Brainstem",Cb-Cb-Cb,C,Cb-Cb-Cb-CerebellumCerebellum-CerebellumBrainstem-CerebellumBrainstem-C,0,352
139,"L_Cerebellum - R_Cerebellum
R_Frontal - Brainstem",Cb-P,RC,Cb-P-CerebellumCerebellum-FrontalBrainstem-RC,157,360
140,"L_Parietal - R_Frontal",C,C,C-ParietalFrontal-C,0,138
141,"R_Temporal - R_Cingulate",A,R,A-TemporalCingulate-R,127,727
142,"L_Frontal - L_Parietal
L_Frontal - L_Cingulate
L_Parietal - L_Cingulate",A-A-A,L,A-A-A-FrontalParietal-FrontalCingulate-ParietalCingulate-L,160,514
143,"R_Parietal - R_Temporal
R_Temporal - R_Cingulate",A-A,R,A-A-ParietalTemporal-TemporalCingulate-R,178,1361
144,"L_Parietal - R_Temporal
R_Parietal - R_Temporal",C-A,RC,C-A-ParietalTemporal-ParietalTemporal-RC,0,1578
145,"R_Frontal - R_Occipital
R_Parietal - R_Temporal
R_Occipital - R_Temporal",A-A-A,R,A-A-A-FrontalOccipital-ParietalTemporal-OccipitalTemporal-R,155,6
146,"L_Frontal - L_Parietal
L_Frontal - R_Frontal
L_Frontal - R_Parietal",A-C-C,LC,A-C-C-FrontalParietal-FrontalFrontal-FrontalParietal-LC,0,705
147,"L_Parietal - R_Parietal
L_Occipital - R_Parietal",C-C,C,C-C-ParietalParietal-OccipitalParietal-C,0,829
148,"L_Parietal - L_Temporal
L_Temporal - R_Parietal",A-C,LC,A-C-ParietalTemporal-TemporalParietal-LC,0,1980
149,"L_Parietal - L_Cerebellum
L_Parietal - Brainstem",P,L,P-ParietalCerebellum-ParietalBrainstem-L,116,1098
150,"R_Frontal - R_Cerebellum",NA,R,NA,0,691
151,"L_Frontal - Brainstem
L_Parietal - Brainstem
L_Subcortical - Brainstem",P-P-P,L,P-P-P-FrontalBrainstem-ParietalBrainstem-SubcorticalBrainstem-L,185,121
152,"L_Frontal - L_Temporal
L_Parietal - L_Temporal
L_Temporal - L_Subcortical",A-A-P,L,A-A-P-FrontalTemporal-ParietalTemporal-TemporalSubcortical-L,137,597
153,"L_Parietal - Brainstem
L_Occipital - Brainstem",P-P,L,P-P-ParietalBrainstem-OccipitalBrainstem-L,184,363
154,"L_Frontal - L_Cerebellum
L_Cerebellum - Brainstem",Cb,L,Cb-FrontalCerebellum-CerebellumBrainstem-L,134,1062
155,"L_Frontal - L_Occipital
L_Parietal - L_Temporal
L_Occipital - L_Temporal",A-A-A,L,A-A-A-FrontalOccipital-ParietalTemporal-OccipitalTemporal-L,145,77
156,"L_Frontal - R_Frontal
R_Frontal - R_Temporal
R_Frontal - Brainstem",C-A-P,RC,C-A-P-FrontalFrontal-FrontalTemporal-FrontalBrainstem-RC,0,186
157,"L_Cerebellum - R_Cerebellum
L_Frontal - Brainstem",Cb-P,LC,Cb-P-CerebellumCerebellum-FrontalBrainstem-LC,139,289
158,"L_Frontal - R_Frontal
L_Parietal - R_Frontal
L_Frontal - R_Parietal
L_Parietal - R_Parietal",C-C-C-C,C,C-C-C-C-FrontalFrontal-ParietalFrontal-FrontalParietal-ParietalParietal-C,0,366
159,"L_Parietal - R_Frontal
R_Frontal - R_Parietal",C-A,RC,C-A-ParietalFrontal-FrontalParietal-RC,0,687
160,"R_Frontal - R_Parietal
R_Frontal - R_Cingulate
R_Parietal - R_Cingulate",A-A-A,R,A-A-A-FrontalParietal-FrontalCingulate-ParietalCingulate-R,142,247
161,"R_Frontal - R_Occipital
R_Parietal - R_Occipital
R_Occipital - R_Temporal",A-A-A,R,A-A-A-FrontalOccipital-ParietalOccipital-OccipitalTemporal-R,121,28
162,"L_Temporal - R_Temporal",C,C,C-TemporalTemporal-C,0,1005
163,"L_Parietal - L_Subcortical
L_Parietal - Brainstem",P-P,L,P-P-ParietalSubcortical-ParietalBrainstem-L,167,610
164,"L_Frontal - L_Parietal
L_Parietal - R_Frontal
L_Parietal - R_Parietal",A-C-C,LC,A-C-C-FrontalParietal-ParietalFrontal-ParietalParietal-LC,0,22
165,"L_Frontal - R_Parietal
L_Parietal - R_Parietal",C-C,C,C-C-FrontalParietal-ParietalParietal-C,0,241
166,"L_Frontal - L_Temporal
L_Frontal - L_Subcortical
L_Frontal - Brainstem",A-P-P,L,A-P-P-FrontalTemporal-FrontalSubcortical-FrontalBrainstem-L,0,25
167,"R_Parietal - R_Subcortical
R_Parietal - Brainstem",P-P,R,P-P-ParietalSubcortical-ParietalBrainstem-R,163,516
168,"L_Temporal - L_Subcortical
L_Temporal - Brainstem",P-P,L,P-P-TemporalSubcortical-TemporalBrainstem-L,135,473
169,"L_Frontal - L_Temporal
L_Frontal - R_Frontal
L_Frontal - Brainstem",A-C-P,LC,A-C-P-FrontalTemporal-FrontalFrontal-FrontalBrainstem-LC,0,104
170,"L_Parietal - R_Parietal
R_Frontal - R_Parietal
R_Parietal - R_Temporal
R_Parietal - Brainstem",C-A-A-P,RC,C-A-A-P-ParietalParietal-FrontalParietal-ParietalTemporal-ParietalBrainstem-RC,0,4
171,"L_Parietal - R_Parietal
R_Parietal - R_Cingulate",C-A,RC,C-A-ParietalParietal-ParietalCingulate-RC,0,39
172,"L_Frontal - L_Occipital
L_Frontal - L_Temporal
L_Occipital - L_Temporal",A-A-A,L,A-A-A-FrontalOccipital-FrontalTemporal-OccipitalTemporal-L,0,139
173,"L_Frontal - L_Temporal
L_Temporal - L_Cingulate",A-A,L,A-A-FrontalTemporal-TemporalCingulate-L,221,531
174,"L_Parietal - R_Parietal
L_Parietal - R_Occipital",C-C,C,C-C-ParietalParietal-ParietalOccipital-C,0,632
175,"L_Frontal - R_Parietal",C,C,C-FrontalParietal-C,0,35
176,"R_Frontal - R_Occipital
R_Occipital - R_Temporal
R_Occipital - Brainstem",A-A-P,R,A-A-P-FrontalOccipital-OccipitalTemporal-OccipitalBrainstem-R,123,43
177,"L_Frontal - R_Frontal
L_Parietal - R_Frontal
R_Frontal - Brainstem",C-C-P,RC,C-C-P-FrontalFrontal-ParietalFrontal-FrontalBrainstem-RC,0,209
178,"L_Parietal - L_Temporal
L_Temporal - L_Cingulate",A-A,L,A-A-ParietalTemporal-TemporalCingulate-L,143,275
179,"R_Frontal - R_Temporal
R_Parietal - R_Temporal
R_Temporal - R_Cingulate",A-A-A,R,A-A-A-FrontalTemporal-ParietalTemporal-TemporalCingulate-R,199,492
180,"L_Frontal - L_Occipital
L_Occipital - L_Temporal
L_Occipital - L_Subcortical
L_Occipital - Brainstem",A-A-P-P,L,A-A-P-P-FrontalOccipital-OccipitalTemporal-OccipitalSubcortical-OccipitalBrainstem-L,212,194
181,"L_Parietal - R_Frontal
L_Frontal - R_Parietal
L_Parietal - R_Parietal",C-C-C,C,C-C-C-ParietalFrontal-FrontalParietal-ParietalParietal-C,0,48
182,"R_Frontal - R_Parietal
R_Parietal - R_Temporal
R_Parietal - R_Subcortical
R_Parietal - Brainstem",A-A-P-P,R,A-A-P-P-FrontalParietal-ParietalTemporal-ParietalSubcortical-ParietalBrainstem-R,206,9
183,"L_Frontal - L_Temporal
L_Temporal - L_Subcortical
L_Temporal - Brainstem",A-P-P,L,A-P-P-FrontalTemporal-TemporalSubcortical-TemporalBrainstem-L,210,236
184,"R_Parietal - Brainstem
R_Occipital - Brainstem",P-P,R,P-P-ParietalBrainstem-OccipitalBrainstem-R,153,165
185,"R_Frontal - Brainstem
R_Parietal - Brainstem
R_Subcortical - Brainstem",P-P-P,R,P-P-P-FrontalBrainstem-ParietalBrainstem-SubcorticalBrainstem-R,151,3
186,"L_Occipital - R_Parietal
L_Occipital - R_Occipital
L_Occipital - R_Temporal",C-C-C,C,C-C-C-OccipitalParietal-OccipitalOccipital-OccipitalTemporal-C,0,124
187,"L_Parietal - L_Subcortical",P,L,P-ParietalSubcortical-L,192,120
188,"L_Cerebellum - R_Cerebellum
R_Frontal - Brainstem
R_Parietal - Brainstem",Cb-P-P,RC,Cb-P-P-CerebellumCerebellum-FrontalBrainstem-ParietalBrainstem-RC,198,167
189,"L_Frontal - R_Frontal
L_Frontal - R_Parietal
L_Frontal - Brainstem",C-C-P,LC,C-C-P-FrontalFrontal-FrontalParietal-FrontalBrainstem-LC,0,282
190,"L_Frontal - L_Cerebellum",NA,L,NA,0,235
191,"L_Frontal - L_Parietal
L_Frontal - R_Parietal",A-C,LC,A-C-FrontalParietal-FrontalParietal-LC,0,167
192,"R_Parietal - R_Subcortical",P,R,P-ParietalSubcortical-R,187,67
193,"L_Frontal - R_Frontal
L_Parietal - R_Frontal
L_Frontal - R_Parietal",C-C-C,C,C-C-C-FrontalFrontal-ParietalFrontal-FrontalParietal-C,0,13
194,"R_Parietal - R_Temporal
R_Occipital - R_Temporal
R_Temporal - R_Cingulate",A-A-A,R,A-A-A-ParietalTemporal-OccipitalTemporal-TemporalCingulate-R,231,59
195,"L_Parietal - R_Parietal
L_Temporal - R_Parietal
L_Parietal - R_Temporal
L_Temporal - R_Temporal",C-C-C-C,C,C-C-C-C-ParietalParietal-TemporalParietal-ParietalTemporal-TemporalTemporal-C,0,34
196,"L_Subcortical - Brainstem",P,L,P-SubcorticalBrainstem-L,202,192
197,"L_Parietal - Brainstem
L_Occipital - Brainstem
L_Temporal - Brainstem",P-P-P,L,P-P-P-ParietalBrainstem-OccipitalBrainstem-TemporalBrainstem-L,233,361
198,"L_Cerebellum - R_Cerebellum
L_Frontal - Brainstem
L_Parietal - Brainstem",Cb-P-P,LC,Cb-P-P-CerebellumCerebellum-FrontalBrainstem-ParietalBrainstem-LC,188,174
199,"L_Frontal - L_Temporal
L_Parietal - L_Temporal
L_Temporal - L_Cingulate",A-A-A,L,A-A-A-FrontalTemporal-ParietalTemporal-TemporalCingulate-L,179,819
200,"L_Frontal - Brainstem
L_Subcortical - Brainstem
R_Frontal - Brainstem",P-P-P,LC,P-P-P-FrontalBrainstem-SubcorticalBrainstem-FrontalBrainstem-LC,0,4
201,"L_Parietal - R_Parietal
L_Occipital - R_Parietal
L_Temporal - R_Parietal",C-C-C,C,C-C-C-ParietalParietal-OccipitalParietal-TemporalParietal-C,0,10
202,"R_Subcortical - Brainstem",P,R,P-SubcorticalBrainstem-R,196,293
203,"R_Parietal - Brainstem
R_Temporal - Brainstem",P-P,R,P-P-ParietalBrainstem-TemporalBrainstem-R,256,80
204,"L_Frontal - Brainstem
R_Frontal - Brainstem
R_Subcortical - Brainstem",P-P-P,RC,P-P-P-FrontalBrainstem-FrontalBrainstem-SubcorticalBrainstem-RC,0,8
205,"R_Frontal - R_Subcortical
R_Temporal - R_Subcortical",P-P,R,P-P-FrontalSubcortical-TemporalSubcortical-R,215,6
206,"L_Frontal - L_Parietal
L_Parietal - L_Temporal
L_Parietal - L_Subcortical
L_Parietal - Brainstem",A-A-P-P,L,A-A-P-P-FrontalParietal-ParietalTemporal-ParietalSubcortical-ParietalBrainstem-L,182,1
207,"L_Parietal - R_Occipital
L_Occipital - R_Occipital
L_Temporal - R_Occipital",C-C-C,C,C-C-C-ParietalOccipital-OccipitalOccipital-TemporalOccipital-C,0,130
208,"R_Frontal - Brainstem
R_Cerebellum - Brainstem",P-Cb,R,P-Cb-FrontalBrainstem-CerebellumBrainstem-R,0,4
209,"L_Frontal - L_Parietal
L_Parietal - L_Temporal
L_Temporal - R_Parietal",A-A-C,LC,A-A-C-FrontalParietal-ParietalTemporal-TemporalParietal-LC,0,495
210,"R_Frontal - R_Temporal
R_Temporal - R_Subcortical
R_Temporal - Brainstem",A-P-P,R,A-P-P-FrontalTemporal-TemporalSubcortical-TemporalBrainstem-R,183,25
211,"L_Frontal - L_Parietal
L_Frontal - L_Temporal
L_Parietal - L_Temporal
L_Parietal - Brainstem",A-A-A-P,L,A-A-A-P-FrontalParietal-FrontalTemporal-ParietalTemporal-ParietalBrainstem-L,243,70
212,"R_Frontal - R_Occipital
R_Occipital - R_Temporal
R_Occipital - R_Subcortical
R_Occipital - Brainstem",A-A-P-P,R,A-A-P-P-FrontalOccipital-OccipitalTemporal-OccipitalSubcortical-OccipitalBrainstem-R,180,185
213,"L_Occipital - R_Occipital
L_Temporal - R_Occipital",C-C,C,C-C-OccipitalOccipital-TemporalOccipital-C,0,784
214,"L_Frontal - R_Temporal
R_Frontal - R_Temporal",C-A,RC,C-A-FrontalTemporal-FrontalTemporal-RC,0,342
215,"L_Frontal - L_Subcortical
L_Temporal - L_Subcortical",P-P,L,P-P-FrontalSubcortical-TemporalSubcortical-L,205,85
216,"L_Cingulate - R_Cingulate",C,C,C-CingulateCingulate-C,0,92
217,"R_Parietal - R_Temporal
R_Parietal - R_Cingulate",A-A,R,A-A-ParietalTemporal-ParietalCingulate-R,0,8
218,"L_Parietal - L_Temporal
L_Parietal - R_Parietal
L_Parietal - Brainstem",A-C-P,LC,A-C-P-ParietalTemporal-ParietalParietal-ParietalBrainstem-LC,0,8
219,"R_Parietal - R_Cerebellum
R_Frontal - Brainstem
R_Parietal - Brainstem",P-P,R,P-P-ParietalCerebellum-FrontalBrainstem-ParietalBrainstem-R,249,90
220,"R_Frontal - R_Parietal
R_Parietal - R_Temporal
R_Parietal - R_Subcortical",A-A-P,R,A-A-P-FrontalParietal-ParietalTemporal-ParietalSubcortical-R,262,96
221,"R_Frontal - R_Temporal
R_Temporal - R_Cingulate",A-A,R,A-A-FrontalTemporal-TemporalCingulate-R,173,84
222,"R_Parietal - R_Temporal
R_Occipital - R_Temporal
R_Temporal - R_Subcortical",A-A-P,R,A-A-P-ParietalTemporal-OccipitalTemporal-TemporalSubcortical-R,0,185
223,"L_Frontal - R_Frontal
L_Cingulate - R_Frontal",C-C,C,C-C-FrontalFrontal-CingulateFrontal-C,0,31
224,"L_Frontal - L_Parietal
L_Frontal - L_Temporal
L_Frontal - R_Frontal
L_Frontal - Brainstem",A-A-C-P,LC,A-A-C-P-FrontalParietal-FrontalTemporal-FrontalFrontal-FrontalBrainstem-LC,0,110
225,"L_Frontal - L_Subcortical
L_Parietal - L_Subcortical",P-P,L,P-P-FrontalSubcortical-ParietalSubcortical-L,248,92
226,"R_Frontal - R_Cerebellum
R_Frontal - Brainstem
R_Parietal - Brainstem",P-P,R,P-P-FrontalCerebellum-FrontalBrainstem-ParietalBrainstem-R,0,4
227,"R_Frontal - R_Cerebellum
R_Frontal - Brainstem
R_Subcortical - Brainstem",P-P,R,P-P-FrontalCerebellum-FrontalBrainstem-SubcorticalBrainstem-R,244,1
228,"L_Occipital - L_Temporal
L_Occipital - Brainstem",A-P,L,A-P-OccipitalTemporal-OccipitalBrainstem-L,0,20
229,"R_Frontal - R_Temporal
R_Parietal - R_Temporal
R_Occipital - R_Temporal
R_Temporal - R_Subcortical",A-A-A-P,R,A-A-A-P-FrontalTemporal-ParietalTemporal-OccipitalTemporal-TemporalSubcortical-R,238,8
230,"R_Frontal - R_Parietal
L_Parietal - R_Temporal
R_Parietal - R_Temporal",A-C-A,RC,A-C-A-FrontalParietal-ParietalTemporal-ParietalTemporal-RC,0,310
231,"L_Parietal - L_Temporal
L_Occipital - L_Temporal
L_Temporal - L_Cingulate",A-A-A,L,A-A-A-ParietalTemporal-OccipitalTemporal-TemporalCingulate-L,194,79
232,"L_Occipital - R_Occipital
L_Occipital - R_Temporal",C-C,C,C-C-OccipitalOccipital-OccipitalTemporal-C,0,86
233,"R_Parietal - Brainstem
R_Occipital - Brainstem
R_Temporal - Brainstem",P-P-P,R,P-P-P-ParietalBrainstem-OccipitalBrainstem-TemporalBrainstem-R,197,312
234,"R_Frontal - R_Temporal
R_Parietal - Brainstem",A-P,R,A-P-FrontalTemporal-ParietalBrainstem-R,239,9
235,"L_Frontal - L_Cingulate
L_Temporal - L_Cingulate",A-A,L,A-A-FrontalCingulate-TemporalCingulate-L,241,65
236,"R_Frontal - R_Parietal
R_Parietal - R_Subcortical
R_Parietal - Brainstem",A-P-P,R,A-P-P-FrontalParietal-ParietalSubcortical-ParietalBrainstem-R,251,27
237,"L_Cingulate - R_Frontal",C,C,C-CingulateFrontal-C,0,7
238,"L_Frontal - L_Temporal
L_Parietal - L_Temporal
L_Occipital - L_Temporal
L_Temporal - L_Subcortical",A-A-A-P,L,A-A-A-P-FrontalTemporal-ParietalTemporal-OccipitalTemporal-TemporalSubcortical-L,229,74
239,"L_Frontal - L_Temporal
L_Parietal - Brainstem",A-P,L,A-P-FrontalTemporal-ParietalBrainstem-L,234,6
240,"L_Occipital - Brainstem
L_Temporal - Brainstem",P-P,L,P-P-OccipitalBrainstem-TemporalBrainstem-L,0,62
241,"R_Frontal - R_Cingulate
R_Temporal - R_Cingulate",A-A,R,A-A-FrontalCingulate-TemporalCingulate-R,235,14
242,"L_Cerebellum - R_Cerebellum
R_Parietal - Brainstem",Cb-P,RC,Cb-P-CerebellumCerebellum-ParietalBrainstem-RC,255,10
243,"R_Frontal - R_Parietal
R_Frontal - R_Temporal
R_Parietal - R_Temporal
R_Parietal - Brainstem",A-A-A-P,R,A-A-A-P-FrontalParietal-FrontalTemporal-ParietalTemporal-ParietalBrainstem-R,211,15
244,"L_Frontal - L_Cerebellum
L_Frontal - Brainstem
L_Subcortical - Brainstem",P-P,L,P-P-FrontalCerebellum-FrontalBrainstem-SubcorticalBrainstem-L,227,12
245,"L_Frontal - L_Occipital
L_Parietal - L_Occipital",A-A,L,A-A-FrontalOccipital-ParietalOccipital-L,0,16
246,"L_Parietal - R_Frontal
L_Parietal - R_Parietal
R_Frontal - R_Parietal",C-C-A,RC,C-C-A-ParietalFrontal-ParietalParietal-FrontalParietal-RC,0,65
247,"R_Frontal - R_Parietal
R_Frontal - R_Temporal
R_Parietal - Brainstem",A-A-P,R,A-A-P-FrontalParietal-FrontalTemporal-ParietalBrainstem-R,253,15
248,"R_Frontal - R_Subcortical
R_Parietal - R_Subcortical",P-P,R,P-P-FrontalSubcortical-ParietalSubcortical-R,225,21
249,"L_Parietal - L_Cerebellum
L_Frontal - Brainstem
L_Parietal - Brainstem",P-P,L,P-P-ParietalCerebellum-FrontalBrainstem-ParietalBrainstem-L,219,8
250,"L_Cerebellum - R_Cerebellum
L_Parietal - Brainstem
L_Cerebellum - Brainstem",Cb-P-Cb,LC,Cb-P-Cb-CerebellumCerebellum-ParietalBrainstem-CerebellumBrainstem-LC,260,17
251,"L_Frontal - L_Parietal
L_Parietal - L_Subcortical
L_Parietal - Brainstem",A-P-P,L,A-P-P-FrontalParietal-ParietalSubcortical-ParietalBrainstem-L,236,24
252,"L_Parietal - R_Occipital
L_Occipital - R_Occipital
R_Occipital - R_Temporal",C-C-A,RC,C-C-A-ParietalOccipital-OccipitalOccipital-OccipitalTemporal-RC,0,26
253,"L_Frontal - L_Parietal
L_Frontal - L_Temporal
L_Parietal - Brainstem",A-A-P,L,A-A-P-FrontalParietal-FrontalTemporal-ParietalBrainstem-L,247,4
254,"R_Frontal - R_Parietal
R_Parietal - R_Subcortical",A-P,R,A-P-FrontalParietal-ParietalSubcortical-R,265,22
255,"L_Cerebellum - R_Cerebellum
L_Parietal - Brainstem",Cb-P,LC,Cb-P-CerebellumCerebellum-ParietalBrainstem-LC,242,1
256,"L_Parietal - Brainstem
L_Temporal - Brainstem",P-P,L,P-P-ParietalBrainstem-TemporalBrainstem-L,203,13
257,"L_Frontal - L_Occipital
L_Frontal - L_Temporal
L_Parietal - L_Temporal
L_Occipital - L_Temporal",A-A-A-A,L,A-A-A-A-FrontalOccipital-FrontalTemporal-ParietalTemporal-OccipitalTemporal-L,0,3
258,"L_Frontal - R_Frontal
R_Frontal - R_Parietal
R_Frontal - R_Temporal
R_Frontal - Brainstem",C-A-A-P,RC,C-A-A-P-FrontalFrontal-FrontalParietal-FrontalTemporal-FrontalBrainstem-RC,0,10
259,"L_Frontal - L_Parietal
L_Frontal - R_Parietal
L_Parietal - R_Parietal",A-C-C,LC,A-C-C-FrontalParietal-FrontalParietal-ParietalParietal-LC,0,45
260,"L_Cerebellum - R_Cerebellum
R_Parietal - Brainstem
R_Cerebellum - Brainstem",Cb-P-Cb,RC,Cb-P-Cb-CerebellumCerebellum-ParietalBrainstem-CerebellumBrainstem-RC,250,51
261,"L_Occipital - L_Cingulate",A,L,A-OccipitalCingulate-L,0,48
262,"L_Frontal - L_Parietal
L_Parietal - L_Temporal
L_Parietal - L_Subcortical",A-A-P,L,A-A-P-FrontalParietal-ParietalTemporal-ParietalSubcortical-L,220,130
263,"L_Occipital - R_Temporal
L_Temporal - R_Temporal",C-C,C,C-C-OccipitalTemporal-TemporalTemporal-C,0,477
264,"L_Cerebellum - R_Cerebellum
R_Frontal - Brainstem
R_Cerebellum - Brainstem",Cb-P-Cb,RC,Cb-P-Cb-CerebellumCerebellum-FrontalBrainstem-CerebellumBrainstem-RC,0,23
265,"L_Frontal - L_Parietal
L_Parietal - L_Subcortical",A-P,L,A-P-FrontalParietal-ParietalSubcortical-L,254,68
266,"L_Frontal - L_Temporal
L_Temporal - L_Cingulate
L_Temporal - L_Subcortical",A-A-P,L,A-A-P-FrontalTemporal-TemporalCingulate-TemporalSubcortical-L,0,45
267,"L_Frontal - L_Parietal
L_Frontal - L_Occipital
L_Parietal - L_Temporal
L_Occipital - L_Temporal",A-A-A-A,L,A-A-A-A-FrontalParietal-FrontalOccipital-ParietalTemporal-OccipitalTemporal-L,0,1
268,"L_Parietal - R_Parietal
L_Parietal - R_Occipital
L_Parietal - R_Temporal",C-C-C,C,C-C-C-ParietalParietal-ParietalOccipital-ParietalTemporal-C,0,2
269,"L_Frontal - R_Subcortical",NA,C,NA,0,9
270,"L_Frontal - L_Temporal
L_Temporal - R_Frontal",A-C,LC,A-C-FrontalTemporal-TemporalFrontal-LC,0,143
271,"R_Frontal - R_Parietal
R_Frontal - R_Occipital
R_Parietal - R_Temporal",A-A-A,R,A-A-A-FrontalParietal-FrontalOccipital-ParietalTemporal-R,0,20
272,"L_Temporal - R_Occipital
L_Temporal - R_Temporal",C-C,C,C-C-TemporalOccipital-TemporalTemporal-C,0,279
273,"R_Parietal - R_Subcortical
R_Parietal - R_Cerebellum
R_Parietal - Brainstem",P-P,R,P-P-ParietalSubcortical-ParietalCerebellum-ParietalBrainstem-R,0,146
274,"L_Frontal - R_Frontal
L_Parietal - R_Frontal
R_Frontal - R_Parietal
R_Frontal - Brainstem",C-C-A-P,RC,C-C-A-P-FrontalFrontal-ParietalFrontal-FrontalParietal-FrontalBrainstem-RC,0,4
275,"L_Occipital - L_Temporal
L_Occipital - L_Subcortical
L_Occipital - Brainstem",A-P-P,L,A-P-P-OccipitalTemporal-OccipitalSubcortical-OccipitalBrainstem-L,0,56
276,"L_Parietal - R_Temporal
R_Parietal - R_Temporal
R_Temporal - R_Cingulate",C-A-A,RC,C-A-A-ParietalTemporal-ParietalTemporal-TemporalCingulate-RC,0,97
277,"L_Parietal - L_Temporal
L_Temporal - L_Cingulate
L_Temporal - R_Parietal",A-A-C,LC,A-A-C-ParietalTemporal-TemporalCingulate-TemporalParietal-LC,0,3
278,"L_Occipital - Brainstem",P,L,P-OccipitalBrainstem-L,0,2
279,"L_Frontal - L_Occipital
L_Frontal - L_Temporal
L_Parietal - L_Temporal",A-A-A,L,A-A-A-FrontalOccipital-FrontalTemporal-ParietalTemporal-L,0,3
280,"L_Frontal - L_Parietal
L_Parietal - R_Frontal
L_Parietal - R_Parietal
L_Parietal - Brainstem",A-C-C-P,LC,A-C-C-P-FrontalParietal-ParietalFrontal-ParietalParietal-ParietalBrainstem-LC,0,25
281,"L_Occipital - L_Temporal
L_Occipital - R_Parietal
L_Occipital - R_Occipital",A-C-C,LC,A-C-C-OccipitalTemporal-OccipitalParietal-OccipitalOccipital-LC,0,2
